{
    "0": {
        "specifications": {
            "0": {
                "name": "Controller variant",
                "value": "Controller variant"
            },
            "1": {
                "name": "# Params.",
                "value": "1.6M"
            }
        },
        "Measure": "VS",
        "Outcome": "16.9"
    },
    "1": {
        "specifications": {
            "0": {
                "name": "IndRNN",
                "value": "IndRNN"
            },
            "1": {
                "name": "1.6M",
                "value": "1.6M"
            }
        },
        "Measure": "VS w. PN",
        "Outcome": "16.9"
    },
    "2": {
        "specifications": {
            "0": {
                "name": "RNN",
                "value": "RNN"
            },
            "1": {
                "name": "1.9M",
                "value": "1.9M"
            }
        },
        "Measure": "6.0",
        "Outcome": "17.1"
    },
    "3": {
        "specifications": {
            "0": {
                "name": "Light GRU",
                "value": "Light GRU"
            },
            "1": {
                "name": "2.4",
                "value": "2.4"
            }
        },
        "Measure": "6.0",
        "Outcome": "16.9"
    }
}