{
    "0": {
        "specifications": {
            "0": {
                "name": "Model",
                "value": ""
            },
            "1": {
                "name": "# Params.",
                "value": "51M"
            },
            "2": {
                "name": "Mean",
                "value": "10.6"
            }
        },
        "Measure": "Paired T-Test",
        "Outcome": "-"
    },
    "1": {
        "specifications": {
            "0": {
                "name": "Model",
                "value": ""
            },
            "1": {
                "name": "# Params.",
                "value": "102M"
            },
            "2": {
                "name": "Mean",
                "value": "10.9"
            }
        },
        "Measure": "Paired T-Test",
        "Outcome": "-"
    },
    "2": {
        "specifications": {
            "0": {
                "name": "Model",
                "value": ""
            },
            "1": {
                "name": "# Params.",
                "value": "203M"
            },
            "2": {
                "name": "Mean",
                "value": "11.0"
            }
        },
        "Measure": "Paired T-Test",
        "Outcome": "-"
    },
    "3": {
        "specifications": {
            "0": {
                "name": "Model",
                "value": ""
            },
            "1": {
                "name": "# Params.",
                "value": "201M"
            },
            "2": {
                "name": "Mean",
                "value": "9.9"
            }
        },
        "Measure": "Paired T-Test",
        "Outcome": "-"
    },
    "4": {
        "specifications": {
            "0": {
                "name": "Model",
                "value": ""
            },
            "1": {
                "name": "# Params.",
                "value": "403M"
            },
            "2": {
                "name": "Mean",
                "value": "10.2"
            }
        },
        "Measure": "Paired T-Test",
        "Outcome": "-"
    },
    "5": {
        "specifications": {
            "0": {
                "name": "Model",
                "value": ""
            },
            "1": {
                "name": "# Params.",
                "value": "806M"
            },
            "2": {
                "name": "Mean",
                "value": "10.4"
            }
        },
        "Measure": "Paired T-Test",
        "Outcome": "-"
    },
    "6": {
        "specifications": {
            "0": {
                "name": "Model",
                "value": ""
            },
            "1": {
                "name": "# Params.",
                "value": "51M"
            },
            "2": {
                "name": "Mean",
                "value": "10.7"
            }
        },
        "Measure": "Paired T-Test",
        "Outcome": "0.59"
    },
    "7": {
        "specifications": {
            "0": {
                "name": "Model",
                "value": ""
            },
            "1": {
                "name": "# Params.",
                "value": "101M"
            },
            "2": {
                "name": "Mean",
                "value": "11.0"
            }
        },
        "Measure": "Paired T-Test",
        "Outcome": "0.25"
    },
    "8": {
        "specifications": {
            "0": {
                "name": "Model",
                "value": ""
            },
            "1": {
                "name": "# Params.",
                "value": "202M"
            },
            "2": {
                "name": "Mean",
                "value": "11.3"
            }
        },
        "Measure": "Paired T-Test",
        "Outcome": "0.03"
    },
    "9": {
        "specifications": {
            "0": {
                "name": "Model",
                "value": ""
            },
            "1": {
                "name": "# Params.",
                "value": "118M"
            },
            "2": {
                "name": "Mean",
                "value": "10.1"
            }
        },
        "Measure": "Paired T-Test",
        "Outcome": "0.17"
    },
    "10": {
        "specifications": {
            "0": {
                "name": "Model",
                "value": ""
            },
            "1": {
                "name": "# Params.",
                "value": "269M"
            },
            "2": {
                "name": "Mean",
                "value": "10.3"
            }
        },
        "Measure": "Paired T-Test",
        "Outcome": "0.14"
    },
    "11": {
        "specifications": {
            "0": {
                "name": "Model",
                "value": ""
            },
            "1": {
                "name": "# Params.",
                "value": "806M"
            },
            "2": {
                "name": "Mean",
                "value": "10.4"
            }
        },
        "Measure": "Paired T-Test",
        "Outcome": "-"
    }
}