{
    "0": {
        "specifications": {
            "0": {
                "name": "Model variant",
                "value": "Model variant"
            },
            "1": {
                "name": "# Params.",
                "value": "3.2M"
            }
        },
        "Measure": "VS",
        "Outcome": "5.7"
    },
    "1": {
        "specifications": {
            "0": {
                "name": "Linear Head HRA",
                "value": "Linear Head HRA"
            },
            "1": {
                "name": "# Params.",
                "value": "3.2M"
            }
        },
        "Measure": "VS",
        "Outcome": "5.7"
    },
    "2": {
        "specifications": {
            "0": {
                "name": "- Recurrent state",
                "value": "- Recurrent state"
            },
            "1": {
                "name": "# Params.",
                "value": "3.2M"
            }
        },
        "Measure": "VS",
        "Outcome": "5.9"
    },
    "3": {
        "specifications": {
            "0": {
                "name": "- Weight unshared",
                "value": "- Weight unshared"
            },
            "1": {
                "name": "# Params.",
                "value": "102.4M"
            }
        },
        "Measure": "VS",
        "Outcome": "5.3"
    }
}