{
    "0": {
        "specifications": {
            "name": "Model",
            "value": "Full Fine-tuning"
        },
        "Measure": "VS",
        "Outcome": "5.3"
    },
    "1": {
        "specifications": {
            "name": "# Params.",
            "value": "1.8B"
        },
        "Measure": "VS",
        "Outcome": "5.3"
    },
    "2": {
        "specifications": {
            "name": "VS w. PN",
            "value": "15.7"
        },
        "Measure": "VS w. PN",
        "Outcome": "6.0"
    },
    "3": {
        "specifications": {
            "name": "BitFit",
            "value": "1.3M"
        },
        "Measure": "VS",
        "Outcome": "6.6"
    },
    "4": {
        "specifications": {
            "name": "# Params.",
            "value": "1.3M"
        },
        "Measure": "BitFit",
        "Outcome": "18.4"
    },
    "5": {
        "specifications": {
            "name": "LoRA",
            "value": "2.0M"
        },
        "Measure": "VS",
        "Outcome": "7.5"
    },
    "6": {
        "specifications": {
            "name": "# Params.",
            "value": "4.0M"
        },
        "Measure": "LoRA",
        "Outcome": "19.9"
    },
    "7": {
        "specifications": {
            "name": "LoRA",
            "value": "7.9M"
        },
        "Measure": "VS w. PN",
        "Outcome": "6.4"
    },
    "8": {
        "specifications": {
            "name": "# Params.",
            "value": "3.2M"
        },
        "Measure": "Residual Adapters",
        "Outcome": "6.3"
    },
    "9": {
        "specifications": {
            "name": "# Params.",
            "value": "6.4M"
        },
        "Measure": "Residual Adapters",
        "Outcome": "6.2"
    },
    "10": {
        "specifications": {
            "name": "# Params.",
            "value": "12.7M"
        },
        "Measure": "Residual Adapters",
        "Outcome": "5.8"
    },
    "11": {
        "specifications": {
            "name": "Linear Head HRA (ours)",
            "value": "814K"
        },
        "Measure": "VS w. PN",
        "Outcome": "6.2"
    },
    "12": {
        "specifications": {
            "name": "# Params.",
            "value": "6.4M"
        },
        "Measure": "Linear Head HRA (ours)",
        "Outcome": "5.4"
    },
    "13": {
        "specifications": {
            "name": "# Params.",
            "value": "12.8M"
        },
        "Measure": "VS w. PN",
        "Outcome": "15.7"
    },
    "14": {
        "specifications": {
            "name": "FFN Head HRA (ours)",
            "value": "1.3M"
        },
        "Measure": "VS w. PN",
        "Outcome": "17.1"
    },
    "15": {
        "specifications": {
            "name": "# Params.",
            "value": "13.6M"
        },
        "Measure": "FFN Head HRA (ours)",
        "Outcome": "15.4"
    },
    "16": {
        "specifications": {
            "name": "# Params.",
            "value": "27.2M"
        },
        "Measure": "FFN Head HRA (ours)",
        "Outcome": "5.1"
    }
}