{
    "0": {
        "specifications": {
            "Name": "Model",
            "Value": "USM Basemodel"
        },
        "Measure": "# Params.",
        "Outcome": "-"
    },
    "1": {
        "specifications": {
            "Name": "Model",
            "Value": "Full Fine-tuning"
        },
        "Measure": "232B",
        "Outcome": "-"
    },
    "2": {
        "specifications": {
            "Name": "# Params.",
            "Value": "-"
        },
        "Measure": "31.5",
        "Outcome": "Mean"
    },
    "3": {
        "specifications": {
            "Name": "# Params.",
            "Value": "-"
        },
        "Measure": "21.8",
        "Outcome": "Median"
    },
    "4": {
        "specifications": {
            "Name": "# Params.",
            "Value": "28.6"
        },
        "Measure": "SD",
        "Outcome": "-"
    },
    "5": {
        "specifications": {
            "Name": "Model",
            "Value": "LoRA"
        },
        "Measure": "201M",
        "Outcome": "10.9"
    },
    "6": {
        "specifications": {
            "Name": "# Params.",
            "Value": "-"
        },
        "Measure": "6.6",
        "Outcome": "Median"
    },
    "7": {
        "specifications": {
            "Name": "# Params.",
            "Value": "12.4"
        },
        "Measure": "10.9",
        "Outcome": "-"
    },
    "8": {
        "specifications": {
            "Name": "# Params.",
            "Value": "403M"
        },
        "Measure": "6.1",
        "Outcome": "Median"
    },
    "9": {
        "specifications": {
            "Name": "# Params.",
            "Value": "11.6"
        },
        "Measure": "10.2",
        "Outcome": "-"
    },
    "10": {
        "specifications": {
            "Name": "# Params.",
            "Value": "410M"
        },
        "Measure": "10.2",
        "Outcome": "-"
    },
    "11": {
        "specifications": {
            "Name": "# Params.",
            "Value": "-"
        },
        "Measure": "6.1",
        "Outcome": "Median"
    },
    "12": {
        "specifications": {
            "Name": "# Params.",
            "Value": "11.2"
        },
        "Measure": "10.2",
        "Outcome": "-"
    },
    "13": {
        "specifications": {
            "Name": "# Params.",
            "Value": "1.6B"
        },
        "Measure": "10.1",
        "Outcome": "-"
    },
    "14": {
        "specifications": {
            "Name": "Model",
            "Value": "Linear Head HRA"
        },
        "Measure": "51M",
        "Outcome": "14.6"
    },
    "15": {
        "specifications": {
            "Name": "# Params.",
            "Value": "-"
        },
        "Measure": "9.7",
        "Outcome": "Median"
    },
    "16": {
        "specifications": {
            "Name": "# Params.",
            "Value": "-"
        },
        "Measure": "14.2",
        "Outcome": "-"
    },
    "17": {
        "specifications": {
            "Name": "# Params.",
            "Value": "-"
        },
        "Measure": "9.9",
        "Outcome": "Median"
    },
    "18": {
        "specifications": {
            "Name": "# Params.",
            "Value": "-"
        },
        "Measure": "21.8",
        "Outcome": "Median"
    },
    "19": {
        "specifications": {
            "Name": "# Params.",
            "Value": "28.6"
        },
        "Measure": "SD",
        "Outcome": "-"
    },
    "20": {
        "specifications": {
            "Name": "Model",
            "Value": "LoRA"
        },
        "Measure": "201M",
        "Outcome": "10.9"
    },
    "21": {
        "specifications": {
            "Name": "# Params.",
            "Value": "-"
        },
        "Measure": "6.6",
        "Outcome": "Median"
    },
    "22": {
        "specifications": {
            "Name": "# Params.",
            "Value": "12.4"
        },
        "Measure": "10.9",
        "Outcome": "-"
    },
    "23": {
        "specifications": {
            "Name": "# Params.",
            "Value": "403M"
        },
        "Measure": "6.1",
        "Outcome": "Median"
    },
    "24": {
        "specifications": {
            "Name": "# Params.",
            "Value": "11.6"
        },
        "Measure": "10.2",
        "Outcome": "-"
    },
    "25": {
        "specifications": {
            "Name": "# Params.",
            "Value": "410M"
        },
        "Measure": "10.2",
        "Outcome": "-"
    },
    "26": {
        "specifications": {
            "Name": "# Params.",
            "Value": "-"
        },
        "Measure": "6.1",
        "Outcome": "Median"
    },
    "27": {
        "specifications": {
            "Name": "# Params.",
            "Value": "11.2"
        },
        "Measure": "10.2",
        "Outcome": "-"
    },
    "28": {
        "specifications": {
            "Name": "# Params.",
            "Value": "1.6B"
        },
        "Measure": "10.1",
        "Outcome": "-"
    }
}