[
    {
        "0": {
            "specifications": {
                "0": {
                    "name": "Modality",
                    "value": "cell_value"
                },
                "1": {
                    "name": "Feature Set",
                    "value": "cell_value"
                }
            },
            "Measure": "Test Pos.F1",
            "Outcome": "39.0"
        },
        "1": {
            "specifications": {
                "2": {
                    "name": "Audio",
                    "value": "cell_value"
                },
                "3": {
                    "name": "Feature Selection",
                    "value": "cell_value"
                }
            },
            "Measure": "Test Pos.F1",
            "Outcome": "62.4"
        },
        "2": {
            "specifications": {
                "4": {
                    "name": "Audio",
                    "value": "cell_value"
                },
                "5": {
                    "name": "Feature Selection",
                    "value": "cell_value"
                }
            },
            "Measure": "Test Pos.F1",
            "Outcome": "67.6"
        },
        "3": {
            "specifications": {
                "6": {
                    "name": "Audio",
                    "value": "cell_value"
                },
                "7": {
                    "name": "Feature Selection",
                    "value": "cell_value"
                }
            },
            "Measure": "Test Pos.F1",
            "Outcome": "70.5"
        },
        "4": {
            "specifications": {
                "8": {
                    "name": "Audio",
                    "value": "cell_value"
                },
                "9": {
                    "name": "Feature Selection",
                    "value": "cell_value"
                }
            },
            "Measure": "Test Pos.F1",
            "Outcome": "73.9"
        },
        "5": {
            "specifications": {
                "10": {
                    "name": "Vision",
                    "value": "cell_value"
                },
                "11": {
                    "name": "Feature Selection",
                    "value": "cell_value"
                }
            },
            "Measure": "Test Pos.F1",
            "Outcome": "70.7"
        },
        "6": {
            "specifications": {
                "12": {
                    "name": "Vision",
                    "value": "cell_value"
                },
                "13": {
                    "name": "Feature Selection",
                    "value": "cell_value"
                }
            },
            "Measure": "Test Pos.F1",
            "Outcome": "74.3"
        },
        "7": {
            "specifications": {
                "14": {
                    "name": "Vision",
                    "value": "cell_value"
                },
                "15": {
                    "name": "Feature Selection",
                    "value": "cell_value"
                }
            },
            "Measure": "Test Pos.F1",
            "Outcome": "74.8"
        }
    }
]