{
    "0": {
        "specifications": {
            "0": {
                "name": "Method",
                "value": "Majority"
            },
            "1": {
                "name": "Accuracy",
                "value": "5.03%"
            }
        },
        "Measure": "Accuracy",
        "Outcome": "5.03%"
    },
    "1": {
        "specifications": {
            "0": {
                "name": "Method",
                "value": "Wav2Vec2 (from scratch)"
            },
            "1": {
                "name": "Accuracy",
                "value": "23.74%"
            }
        },
        "Measure": "Accuracy",
        "Outcome": "23.74%"
    },
    "2": {
        "specifications": {
            "0": {
                "name": "Method",
                "value": "Wav2Vec2 (pre-trained)"
            },
            "1": {
                "name": "Accuracy",
                "value": "49.95%"
            }
        },
        "Measure": "Accuracy",
        "Outcome": "49.95%"
    }
}