{
    "0": {
        "specifications": {
            "0": {
                "name": "Model",
                "value": "Pre-trained Model"
            },
            "1": {
                "name": "Origin TSAM",
                "value": "RoBERTa-base"
            }
        },
        "Measure": "Test Pos.F1*",
        "Outcome": "74.3"
    },
    "1": {
        "specifications": {
            "0": {
                "name": "Model",
                "value": "RoBERTa-base"
            },
            "1": {
                "name": "Origin TSAM",
                "value": "74.3"
            }
        },
        "Measure": "Eval Pos.F1**",
        "Outcome": "-"
    },
    "2": {
        "specifications": {
            "0": {
                "name": "Model",
                "value": "Ours-CEE"
            },
            "1": {
                "name": "Origin TSAM",
                "value": "nan"
            }
        },
        "Measure": "Test Pos.F1*",
        "Outcome": "nan"
    },
    "3": {
        "specifications": {
            "0": {
                "name": "Model",
                "value": "RoBERTa-base"
            },
            "1": {
                "name": "Origin TSAM",
                "value": "-"
            }
        },
        "Measure": "Eval Pos.F1**",
        "Outcome": "-"
    },
    "4": {
        "specifications": {
            "0": {
                "name": "Model",
                "value": "+MIN"
            },
            "1": {
                "name": "RoBERTa-base",
                "value": "-"
            }
        },
        "Measure": "Test Pos.F1*",
        "Outcome": "-"
    },
    "5": {
        "specifications": {
            "0": {
                "name": "Model",
                "value": "+MIN & MTLA"
            },
            "1": {
                "name": "RoBERTa-base",
                "value": "-"
            }
        },
        "Measure": "Test Pos.F1*",
        "Outcome": "-"
    },
    "6": {
        "specifications": {
            "0": {
                "name": "Model",
                "value": "+MIN & MTLA"
            },
            "1": {
                "name": "RoBERTa-large",
                "value": "-"
            }
        },
        "Measure": "Test Pos.F1*",
        "Outcome": "-"
    },
    "7": {
        "specifications": {
            "0": {
                "name": "Model",
                "value": "+MIN & MTLA & Ensemble"
            },
            "1": {
                "name": "RoBERTa-large",
                "value": "-"
            }
        },
        "Measure": "Test Pos.F1*",
        "Outcome": "-"
    },
    "8": {
        "specifications": {
            "0": {
                "name": "Model",
                "value": "Ours-CSE"
            },
            "1": {
                "name": "BERT-base",
                "value": "-"
            }
        },
        "Measure": "Test Pos.F1*",
        "Outcome": "31.62 (w-avg.)"
    },
    "9": {
        "specifications": {
            "0": {
                "name": "Model",
                "value": "Ours-CSE"
            },
            "1": {
                "name": "RoBERTa-large",
                "value": "-"
            }
        },
        "Measure": "Test Pos.F1*",
        "Outcome": "32.23 (w-avg.)"
    }
}