{
    "0": {
        "specifications": {
            "name": "segments",
            "value": "2843"
        },
        "Measure": "# segments",
        "Outcome": "2843"
    },
    "1": {
        "specifications": {
            "name": "Duration (sec)",
            "value": "2778.66"
        },
        "Measure": "# segments",
        "Outcome": "2778.66"
    },
    "2": {
        "specifications": {
            "name": "segments",
            "value": "2772"
        },
        "Measure": "# segments",
        "Outcome": "2772"
    },
    "3": {
        "specifications": {
            "name": "Duration (sec)",
            "value": "2512.92"
        },
        "Measure": "# segments",
        "Outcome": "2512.92"
    },
    "4": {
        "specifications": {
            "name": "segments",
            "value": "829"
        },
        "Measure": "# segments",
        "Outcome": "829"
    },
    "5": {
        "specifications": {
            "name": "Duration (sec)",
            "value": "956.58"
        },
        "Measure": "# segments",
        "Outcome": "956.58"
    },
    "6": {
        "specifications": {
            "name": "segments",
            "value": "637"
        },
        "Measure": "# segments",
        "Outcome": "637"
    },
    "7": {
        "specifications": {
            "name": "Duration (sec)",
            "value": "746.6"
        },
        "Measure": "# segments",
        "Outcome": "746.6"
    },
    "8": {
        "specifications": {
            "name": "segments",
            "value": "298"
        },
        "Measure": "# segments",
        "Outcome": "298"
    },
    "9": {
        "specifications": {
            "name": "Duration (sec)",
            "value": "546.72"
        },
        "Measure": "# segments",
        "Outcome": "546.72"
    },
    "10": {
        "specifications": {
            "name": "segments",
            "value": "288"
        },
        "Measure": "# segments",
        "Outcome": "288"
    },
    "11": {
        "specifications": {
            "name": "Duration (sec)",
            "value": "200.27"
        },
        "Measure": "# segments",
        "Outcome": "200.27"
    },
    "12": {
        "specifications": {
            "name": "segments",
            "value": "91"
        },
        "Measure": "# segments",
        "Outcome": "91"
    },
    "13": {
        "specifications": {
            "name": "Duration (sec)",
            "value": "150.49"
        },
        "Measure": "# segments",
        "Outcome": "150.49"
    },
    "14": {
        "specifications": {
            "name": "segments",
            "value": "76"
        },
        "Measure": "# segments",
        "Outcome": "76"
    },
    "15": {
        "specifications": {
            "name": "Duration (sec)",
            "value": "51.21"
        },
        "Measure": "# segments",
        "Outcome": "51.21"
    },
    "16": {
        "specifications": {
            "name": "segments",
            "value": "79"
        },
        "Measure": "# segments",
        "Outcome": "79"
    },
    "17": {
        "specifications": {
            "name": "Duration (sec)",
            "value": "51.93"
        },
        "Measure": "# segments",
        "Outcome": "51.93"
    },
    "18": {
        "specifications": {
            "name": "segments",
            "value": "60"
        },
        "Measure": "# segments",
        "Outcome": "60"
    },
    "19": {
        "specifications": {
            "name": "Duration (sec)",
            "value": "40.42"
        },
        "Measure": "# segments",
        "Outcome": "40.42"
    },
    "20": {
        "specifications": {
            "name": "segments",
            "value": "61"
        },
        "Measure": "# segments",
        "Outcome": "61"
    },
    "21": {
        "specifications": {
            "name": "Duration (sec)",
            "value": "49.38"
        },
        "Measure": "# segments",
        "Outcome": "49.38"
    },
    "22": {
        "specifications": {
            "name": "segments",
            "value": "62"
        },
        "Measure": "# segments",
        "Outcome": "62"
    },
    "23": {
        "specifications": {
            "name": "Duration (sec)",
            "value": "40.45"
        },
        "Measure": "# segments",
        "Outcome": "40.45"
    },
    "24": {
        "specifications": {
            "name": "segments",
            "value": "55"
        },
        "Measure": "# segments",
        "Outcome": "55"
    },
    "25": {
        "specifications": {
            "name": "Duration (sec)",
            "value": "39.51"
        },
        "Measure": "# segments",
        "Outcome": "39.51"
    },
    "26": {
        "specifications": {
            "name": "segments",
            "value": "45"
        },
        "Measure": "# segments",
        "Outcome": "45"
    },
    "27": {
        "specifications": {
            "name": "Duration (sec)",
            "value": "30.46"
        },
        "Measure": "# segments",
        "Outcome": "30.46"
    },
    "28": {
        "specifications": {
            "name": "segments",
            "value": "55"
        },
        "Measure": "# segments",
        "Outcome": "55"
    },
    "29": {
        "specifications": {
            "name": "Duration (sec)",
            "value": "40.45"
        },
        "Measure": "# segments",
        "Outcome": "40.45"
    },
    "30": {
        "specifications": {
            "name": "segments",
            "value": "39"
        },
        "Measure": "# segments",
        "Outcome": "39"
    },
    "31": {
        "specifications": {
            "name": "Duration (sec)",
            "value": "28.43"
        },
        "Measure": "# segments",
        "Outcome": "28.43"
    }
}