{
    "0": {
        "specifications": {
            "0": {
                "name": "header",
                "value": "Majority"
            },
            "1": {
                "name": "value",
                "value": "56.37%"
            }
        },
        "Measure": "Acc.",
        "Outcome": "41.31%"
    },
    "1": {
        "specifications": {
            "0": {
                "name": "header",
                "value": "Majority"
            },
            "1": {
                "name": "value",
                "value": "30.39%"
            }
        },
        "Measure": "L-S2",
        "Outcome": "0.00%"
    },
    "2": {
        "specifications": {
            "0": {
                "name": "header",
                "value": "Method"
            },
            "1": {
                "name": "value",
                "value": "F-1 measure"
            }
        },
        "Measure": "CH-N",
        "Outcome": "21.26%"
    },
    "3": {
        "specifications": {
            "0": {
                "name": "header",
                "value": "Method"
            },
            "1": {
                "name": "value",
                "value": "F-1 measure"
            }
        },
        "Measure": "GR-N",
        "Outcome": "78.20%"
    },
    "4": {
        "specifications": {
            "0": {
                "name": "header",
                "value": "Method"
            },
            "1": {
                "name": "value",
                "value": "L-S2"
            }
        },
        "Measure": "L-S1",
        "Outcome": "48.64%"
    }
}