{
    "0": {
        "specifications": {
            "0": {
                "name": "Method",
                "value": "Unnamed: 0_level_0"
            },
            "1": {
                "name": "Acc.",
                "value": "Unnamed: 1_level_0"
            }
        },
        "Measure": "F-1 measure",
        "Outcome": "74.73%"
    },
    "1": {
        "specifications": {
            "2": {
                "name": "Method",
                "value": "Wav2Vec2 (from scratch)"
            },
            "3": {
                "name": "Acc.",
                "value": "68.70%"
            }
        },
        "Measure": "F-1 measure",
        "Outcome": "74.54%"
    },
    "2": {
        "specifications": {
            "4": {
                "name": "Method",
                "value": "Wav2Vec2 (pre-trained)"
            },
            "5": {
                "name": "Acc.",
                "value": "70.07%"
            }
        },
        "Measure": "F-1 measure",
        "Outcome": "76.54%"
    },
    "3": {
        "specifications": {
            "6": {
                "name": "Method",
                "value": "Wav2Vec2 (pre-trained)"
            },
            "7": {
                "name": "Acc.",
                "value": "68.90%"
            }
        },
        "Measure": "F-1 measure",
        "Outcome": "79.31%"
    }
}