{
    "0": {
        "specifications": {
            "0": {
                "name": "Unnamed: 1_level_0",
                "value": "Acc."
            },
            "1": {
                "name": "Majority",
                "value": "58.76%"
            }
        },
        "Measure": "F-1 measure",
        "Outcome": "61.49%"
    },
    "1": {
        "specifications": {
            "0": {
                "name": "Unnamed: 1_level_0",
                "value": "Acc."
            },
            "1": {
                "name": "Majority",
                "value": "60.18%"
            }
        },
        "Measure": "F-1 measure",
        "Outcome": "74.42%"
    },
    "2": {
        "specifications": {
            "0": {
                "name": "Unnamed: 1_level_0",
                "value": "Acc."
            },
            "1": {
                "name": "Majority",
                "value": "62.28%"
            }
        },
        "Measure": "F-1 measure",
        "Outcome": "74.47%"
    }
}