{
    "0": {
        "specifications": {
            "0": {
                "name": "Symbol",
                "value": "AI"
            },
            "1": {
                "name": "Definition",
                "value": "Artificial Intelligence"
            }
        },
        "Measure": "Symbol",
        "Outcome": "AI"
    },
    "1": {
        "specifications": {
            "0": {
                "name": "Symbol",
                "value": "AIGC"
            },
            "1": {
                "name": "Definition",
                "value": "AI-Generated Content"
            }
        },
        "Measure": "Symbol",
        "Outcome": "AIGC"
    },
    "2": {
        "specifications": {
            "0": {
                "name": "Symbol",
                "value": "ChatGPT"
            },
            "1": {
                "name": "Definition",
                "value": "Chat Generative Pre-Training Transformer"
            }
        },
        "Measure": "Symbol",
        "Outcome": "ChatGPT"
    },
    "3": {
        "specifications": {
            "0": {
                "name": "Symbol",
                "value": "CV"
            },
            "1": {
                "name": "Definition",
                "value": "Computer Vision"
            }
        },
        "Measure": "Symbol",
        "Outcome": "CV"
    },
    "4": {
        "specifications": {
            "0": {
                "name": "Symbol",
                "value": "DNNs"
            },
            "1": {
                "name": "Definition",
                "value": "Deep Neural Networks"
            }
        },
        "Measure": "Symbol",
        "Outcome": "DNNs"
    },
    "5": {
        "specifications": {
            "0": {
                "name": "Symbol",
                "value": "GPT"
            },
            "1": {
                "name": "Definition",
                "value": "Generative Pre-trained Transformer"
            }
        },
        "Measure": "Symbol",
        "Outcome": "GPT"
    },
    "6": {
        "specifications": {
            "0": {
                "name": "Symbol",
                "value": "HFRL"
            },
            "1": {
                "name": "Definition",
                "value": "Human Feedback Reinforcement Learning"
            }
        },
        "Measure": "Symbol",
        "Outcome": "HFRL"
    },
    "7": {
        "specifications": {
            "0": {
                "name": "Symbol",
                "value": "LLMEdu"
            },
            "1": {
                "name": "Definition",
                "value": "Large Language Models for Education"
            }
        },
        "Measure": "Symbol",
        "Outcome": "LLMEdu"
    },
    "8": {
        "specifications": {
            "0": {
                "name": "Symbol",
                "value": "LLMs"
            },
            "1": {
                "name": "Definition",
                "value": "Large Language Models"
            }
        },
        "Measure": "Symbol",
        "Outcome": "LLMs"
    },
    "9": {
        "specifications": {
            "0": {
                "name": "Symbol",
                "value": "LMs"
            },
            "1": {
                "name": "Definition",
                "value": "Language Models"
            }
        },
        "Measure": "Symbol",
        "Outcome": "LMs"
    },
    "10": {
        "specifications": {
            "0": {
                "name": "Symbol",
                "value": "NLP"
            },
            "1": {
                "name": "Definition",
                "value": "Natural Language Processing"
            }
        },
        "Measure": "Symbol",
        "Outcome": "NLP"
    }
}