{
    "0": {
        "specifications": {
            "0": {
                "name": "Core",
                "value": "Data learning"
            },
            "1": {
                "name": "Discriminant/Analytical AI",
                "value": "Analysis"
            }
        },
        "Measure": "Core",
        "Outcome": "Data learning"
    },
    "1": {
        "specifications": {
            "0": {
                "name": "Discriminant/Analytical AI",
                "value": "Conditional probability distribution"
            },
            "1": {
                "name": "Generative AI",
                "value": "Creation"
            }
        },
        "Measure": "Conditional probability distribution",
        "Outcome": "Analysis"
    },
    "2": {
        "specifications": {
            "0": {
                "name": "Generative AI",
                "value": "Joint probability distribution"
            },
            "1": {
                "name": "Discriminant/Analytical AI",
                "value": "Mature technology and widely used"
            }
        },
        "Measure": "Mature technology and widely used",
        "Outcome": "Creation"
    },
    "3": {
        "specifications": {
            "0": {
                "name": "Generative AI",
                "value": "Exponential explosion"
            },
            "1": {
                "name": "Discriminant/Analytical AI",
                "value": "Recommendation systems, CV, NLP"
            }
        },
        "Measure": "Exponential explosion",
        "Outcome": "Creation"
    },
    "4": {
        "specifications": {
            "0": {
                "name": "AIGC, text generation, audio generation",
                "value": "AIGC, text generation, audio generation"
            },
            "1": {
                "name": "Recommendation systems, CV, NLP",
                "value": "AIGC, text generation, audio generation"
            }
        },
        "Measure": "AIGC, text generation, audio generation",
        "Outcome": "Recommendation systems, CV, NLP"
    }
}