{
    "0": {
        "specifications": {
            "name": "Method",
            "value": "w/o IV"
        },
        "Measure": "SR%",
        "Outcome": "50.1"
    },
    "1": {
        "specifications": {
            "name": "Data",
            "value": "left/right"
        },
        "Measure": "SR%",
        "Outcome": "50.0"
    },
    "2": {
        "specifications": {
            "name": "Method",
            "value": "w/o IV"
        },
        "Measure": "sWER%",
        "Outcome": "4.4"
    },
    "3": {
        "specifications": {
            "name": "Data",
            "value": "left/right"
        },
        "Measure": "sWER%",
        "Outcome": "5.1"
    },
    "4": {
        "specifications": {
            "name": "Method",
            "value": "w/ IV"
        },
        "Measure": "SR%",
        "Outcome": "96.3"
    },
    "5": {
        "specifications": {
            "name": "Data",
            "value": "random"
        },
        "Measure": "SR%",
        "Outcome": "80.2"
    },
    "6": {
        "specifications": {
            "name": "Method",
            "value": "w/ IV"
        },
        "Measure": "WER%",
        "Outcome": "29.8"
    },
    "7": {
        "specifications": {
            "name": "Data",
            "value": "random"
        },
        "Measure": "WER%",
        "Outcome": "67.5"
    }
}