[
    {
        "specifications": {
            "name": "ID",
            "value": ""
        },
        "Measure": "Model based on Accent-ASR",
        "Outcome": "Official Baseline"
    },
    {
        "specifications": {
            "name": "Model based on Accent-ASR",
            "value": "32.92"
        },
        "Measure": "Dev",
        "Outcome": "26.24"
    },
    {
        "specifications": {
            "name": "Model based on Accent-ASR",
            "value": "20.87"
        },
        "Measure": "Eval",
        "Outcome": "-"
    },
    {
        "specifications": {
            "name": "conv2d+conformer",
            "value": "20.68"
        },
        "Measure": "Dev",
        "Outcome": "-"
    },
    {
        "specifications": {
            "name": "conv2d+ebranchformer",
            "value": "20.31"
        },
        "Measure": "Eval",
        "Outcome": "-"
    },
    {
        "specifications": {
            "name": "gateCNN+conformer",
            "value": "19.83"
        },
        "Measure": "Dev",
        "Outcome": "-"
    },
    {
        "specifications": {
            "name": "gateCNN+ebranchformer",
            "value": "18.53"
        },
        "Measure": "Eval",
        "Outcome": "14.72"
    },
    {
        "specifications": {
            "name": "fusion models based on M1-M5",
            "value": "15.54"
        },
        "Measure": "Dev",
        "Outcome": "13.16"
    }
]