{
    "0": {
        "specifications": {
            "0": {
                "name": "Dataset",
                "value": "cell_value"
            },
            "1": {
                "name": "Data type",
                "value": "cell_value"
            },
            "2": {
                "name": "Label type",
                "value": "cell_value"
            }
        },
        "Measure": "Hours",
        "Outcome": "386"
    },
    "1": {
        "specifications": {
            "0": {
                "name": "Dataset",
                "value": "cell_value"
            },
            "1": {
                "name": "Data type",
                "value": "cell_value"
            },
            "2": {
                "name": "Label type",
                "value": "cell_value"
            }
        },
        "Measure": "Hours",
        "Outcome": "1544"
    },
    "2": {
        "specifications": {
            "0": {
                "name": "Dataset",
                "value": "cell_value"
            },
            "1": {
                "name": "Data type",
                "value": "cell_value"
            },
            "2": {
                "name": "Label type",
                "value": "cell_value"
            }
        },
        "Measure": "Hours",
        "Outcome": "1124"
    },
    "3": {
        "specifications": {
            "0": {
                "name": "Dataset",
                "value": "cell_value"
            },
            "1": {
                "name": "Data type",
                "value": "cell_value"
            },
            "2": {
                "name": "Label type",
                "value": "cell_value"
            }
        },
        "Measure": "Hours",
        "Outcome": "236"
    },
    "4": {
        "specifications": {
            "0": {
                "name": "Dataset",
                "value": "cell_value"
            },
            "1": {
                "name": "Data type",
                "value": "cell_value"
            },
            "2": {
                "name": "Label type",
                "value": "cell_value"
            }
        },
        "Measure": "Hours",
        "Outcome": "240"
    },
    "5": {
        "specifications": {
            "0": {
                "name": "Dataset",
                "value": "cell_value"
            },
            "1": {
                "name": "Data type",
                "value": "cell_value"
            },
            "2": {
                "name": "Label type",
                "value": "cell_value"
            }
        },
        "Measure": "Hours",
        "Outcome": "200"
    },
    "6": {
        "specifications": {
            "0": {
                "name": "Dataset",
                "value": "cell_value"
            },
            "1": {
                "name": "Data type",
                "value": "cell_value"
            },
            "2": {
                "name": "Label type",
                "value": "cell_value"
            }
        },
        "Measure": "Hours",
        "Outcome": "10,952"
    }
}